"","ind1","ind2","ind3","ind4","ind5","ind6","ind7","ind8","ind9","ind10","ind11","ind12","ind13","ind14","ind15","ind16","ind17","ind18","ind19","ind20","ind21","ind22","ind23","ind24","ind25"
"1",1,NA,2,3,4,5,6,7,8,8,3,8,2,1,5,1,3,8,8,1,5,1,3,3,8
"2",1,NA,2,3,4,5,6,7,8,5,3,8,2,1,5,1,3,8,8,1,5,1,3,3,8
"3",1,NA,2,3,4,5,6,7,8,5,3,8,2,1,5,1,3,8,8,1,5,1,3,3,8
"4",1,NA,2,3,4,5,6,7,8,8,3,8,2,1,5,1,3,3,3,1,5,1,3,3,3
"5",1,NA,2,3,4,5,6,7,8,8,3,8,2,1,5,1,3,8,8,1,5,5,3,3,8
"6",1,NA,2,3,4,5,6,7,8,3,3,8,2,1,5,1,3,8,8,1,5,5,3,3,8
"7",1,NA,2,3,4,5,6,7,8,1,3,8,2,1,5,1,3,8,8,1,5,5,3,3,8
"8",1,NA,2,3,4,5,6,7,8,6,3,8,2,1,5,1,3,8,8,1,5,5,3,3,8
"9",1,NA,2,3,4,5,6,7,8,7,3,8,2,1,5,1,3,8,8,1,5,5,3,3,8
"10",1,NA,2,3,4,5,6,7,8,7,3,8,2,1,5,1,3,8,8,1,5,5,3,3,8
"11",1,NA,2,3,4,5,6,7,8,6,3,8,2,1,5,1,3,8,8,1,5,5,3,3,8
"12",1,NA,2,3,4,5,6,7,8,2,3,8,2,1,5,1,3,8,8,1,5,5,3,3,8
"13",1,NA,2,3,4,5,6,7,8,5,3,8,2,1,5,1,3,8,8,1,5,5,3,3,8
"14",1,NA,2,3,4,5,6,7,8,1,3,8,2,1,5,1,3,8,8,1,5,5,3,3,8
"15",1,NA,2,3,4,5,6,7,8,6,3,8,2,1,5,1,3,2,2,1,5,5,3,3,2
"16",1,NA,2,3,4,5,6,7,8,4,3,8,2,1,5,1,3,8,8,1,5,5,3,3,8
"17",1,NA,2,3,4,5,6,7,8,6,3,8,2,1,5,2,3,8,8,2,5,5,3,3,8
"18",1,NA,2,3,4,5,6,7,8,1,3,8,2,1,5,1,3,8,8,1,5,5,3,3,8
"19",1,NA,2,3,4,5,6,7,8,1,3,8,2,1,5,1,3,8,8,1,5,5,3,3,8
"20",1,NA,2,3,4,5,6,7,8,2,3,8,2,1,5,1,3,8,8,1,5,5,3,3,8
"21",1,NA,2,3,4,5,6,7,8,8,3,8,2,1,5,1,3,8,8,1,5,5,3,3,8
"22",1,NA,2,3,4,5,6,7,8,2,3,8,2,1,5,1,3,8,8,1,5,5,3,3,8
"23",1,NA,2,3,4,5,6,7,8,4,3,8,2,1,5,1,3,8,8,1,5,5,3,3,8
"24",1,NA,2,3,4,5,6,7,8,1,3,8,2,1,5,1,3,8,8,1,5,5,3,3,8
"25",1,NA,2,3,4,5,6,7,8,8,3,8,2,1,5,1,3,8,8,1,5,5,3,3,8
"26",1,NA,2,3,4,5,6,7,8,3,3,8,2,1,5,1,3,8,8,1,5,5,3,3,8
"27",1,NA,2,3,4,5,6,7,8,7,3,8,2,1,5,1,3,8,8,1,5,5,3,3,8
"28",1,NA,2,3,4,5,6,7,8,6,3,8,2,1,5,1,3,2,2,1,5,5,3,3,2
"29",1,NA,2,3,4,5,6,7,8,6,3,8,2,7,5,7,3,2,2,7,5,5,3,3,2
"30",1,NA,2,3,4,5,6,7,8,4,3,8,2,1,5,1,3,2,2,1,5,5,3,3,2
"31",1,NA,2,3,4,5,6,7,8,4,3,8,2,1,5,1,3,2,2,1,5,5,3,3,2
"32",1,NA,2,3,4,5,6,7,8,4,3,8,2,1,5,1,3,2,2,1,5,5,3,3,2
"33",1,NA,2,3,4,5,6,7,8,3,3,8,2,1,5,1,3,2,2,1,5,5,3,3,2
"34",1,NA,2,3,4,5,6,7,8,8,3,8,2,1,5,1,3,2,2,1,5,5,3,3,2
"35",1,NA,2,3,4,5,6,7,8,5,3,8,2,1,5,1,3,2,2,1,5,5,3,3,2
"36",1,NA,2,3,4,5,6,7,8,5,3,8,2,1,5,1,3,2,2,1,5,5,3,3,2
"37",1,NA,2,3,4,5,6,7,8,1,3,8,2,1,5,1,3,2,2,1,5,5,3,3,2
"38",1,NA,2,3,4,5,6,7,8,8,3,8,2,1,5,1,3,2,2,1,5,5,3,3,2
"39",1,NA,2,3,4,5,6,7,8,5,3,8,2,1,5,1,3,2,2,1,5,5,3,3,2
"40",1,NA,2,3,4,5,6,7,8,6,3,8,2,1,5,1,3,2,2,1,5,5,3,3,2
"41",1,NA,2,3,4,5,6,7,8,1,3,8,2,1,5,1,3,2,2,1,5,5,3,3,2
"42",1,NA,2,3,4,5,6,7,8,8,3,8,2,1,5,1,3,2,2,1,5,5,3,3,3
"43",1,NA,2,3,4,5,6,7,8,3,3,8,2,1,5,1,3,2,2,1,5,5,3,3,3
"44",1,NA,2,3,4,5,6,7,8,8,3,8,2,1,5,1,3,2,2,1,5,5,3,3,3
"45",1,NA,2,3,4,5,6,7,8,6,3,8,2,1,5,1,3,2,2,1,5,5,3,3,3
"46",1,NA,2,3,4,5,6,7,8,1,3,8,2,1,5,1,3,2,2,1,3,3,3,3,3
"47",1,NA,2,3,4,5,6,7,8,6,3,8,2,1,5,1,3,2,2,1,5,5,3,3,3
"48",1,NA,2,3,4,5,6,7,8,3,3,8,2,1,5,1,3,2,2,1,5,5,3,1,3
"49",1,NA,2,3,4,5,6,7,8,8,3,8,2,1,5,1,3,2,2,1,5,5,3,3,3
"50",1,NA,2,3,4,5,6,7,8,1,3,8,2,1,5,1,3,2,2,1,5,5,3,3,3
"51",1,NA,2,3,4,5,6,7,8,1,3,8,2,1,5,1,3,2,2,1,5,5,3,3,3
"52",1,NA,2,3,4,5,6,7,8,1,3,8,2,1,5,1,3,2,2,1,5,5,3,3,3
"53",1,NA,2,3,4,5,6,7,8,3,3,8,2,1,5,1,3,2,2,1,5,5,3,3,3
"54",1,NA,2,3,4,5,6,7,8,6,3,8,2,1,5,1,3,2,2,1,5,5,3,3,3
"55",1,NA,2,3,4,5,6,7,8,1,3,8,2,1,5,1,3,2,2,1,5,5,3,3,3
"56",1,NA,2,3,4,5,6,7,8,4,3,8,2,1,5,6,3,2,2,1,5,5,3,3,3
"57",1,NA,2,3,4,5,6,7,8,5,3,8,2,1,5,1,3,2,2,1,5,5,3,3,3
"58",1,NA,2,3,4,5,6,7,8,4,3,8,2,1,5,1,3,2,2,1,5,5,3,3,3
"59",1,NA,2,3,4,5,6,7,8,2,3,8,2,1,5,1,3,2,2,1,5,5,3,3,3
"60",1,NA,2,3,4,5,6,7,8,4,3,8,2,1,5,1,3,2,2,1,5,5,3,3,3
"61",1,NA,2,3,4,5,6,7,8,7,3,8,2,1,5,1,3,2,2,1,5,5,6,6,6
"62",1,NA,2,3,4,5,6,7,8,8,3,8,2,1,5,1,3,2,2,1,5,5,3,3,3
"63",1,NA,2,3,4,5,6,7,8,7,3,8,2,1,5,1,3,2,2,1,5,5,3,3,3
"64",1,NA,2,3,4,5,6,7,8,3,3,8,2,1,5,1,3,2,2,1,5,5,3,3,3
"65",1,NA,2,3,4,5,6,7,8,8,3,8,2,1,5,1,3,2,2,1,5,5,3,3,3
"66",1,NA,2,3,4,5,6,7,8,4,3,8,2,1,5,1,3,2,2,1,5,5,3,3,3
"67",1,NA,2,3,4,5,6,7,8,1,3,8,2,1,5,1,3,2,2,2,5,5,3,3,3
"68",1,NA,2,3,4,5,6,7,8,6,3,8,2,1,5,1,3,2,2,1,5,5,3,3,3
"69",1,NA,2,3,4,5,6,7,8,7,4,8,2,1,5,1,4,2,2,1,5,5,4,4,4
"70",1,NA,2,3,4,5,6,7,8,1,3,8,2,1,5,1,3,2,2,1,5,5,3,3,3
"71",1,NA,2,3,4,5,6,7,8,5,3,8,2,1,5,1,3,2,2,1,5,5,3,3,3
"72",1,NA,2,3,4,5,6,7,8,7,3,8,2,1,5,1,3,2,2,1,5,5,3,3,3
"73",1,NA,2,3,4,5,6,7,8,8,3,8,2,1,5,1,3,2,2,1,5,5,3,3,3
"74",1,NA,2,3,4,5,6,7,8,8,3,8,2,1,5,1,3,2,2,1,5,5,3,3,3
"75",1,NA,2,3,4,5,6,7,8,7,3,8,2,1,5,1,3,2,2,1,5,5,3,3,3
"76",1,NA,2,3,4,5,6,7,8,7,3,8,2,1,5,1,3,2,2,1,5,5,3,3,3
"77",1,NA,2,3,4,5,6,7,8,2,3,8,2,1,5,1,3,2,2,1,5,5,3,3,3
"78",1,NA,2,3,4,5,6,7,8,6,3,8,2,1,5,1,3,2,2,1,5,5,3,3,3
"79",1,NA,2,3,4,5,6,7,8,6,3,8,1,1,5,1,3,2,2,1,5,5,3,3,3
"80",1,NA,2,3,4,5,6,7,8,2,3,8,1,1,5,1,3,2,2,1,5,5,3,3,3
"81",1,NA,2,3,4,5,6,7,8,8,3,8,1,1,5,1,3,2,2,1,5,5,3,3,3
"82",1,NA,2,3,4,5,6,7,8,7,3,8,1,1,5,1,3,2,2,1,5,5,3,3,3
"83",1,NA,2,3,4,5,6,7,8,7,3,8,1,1,5,1,3,2,2,1,5,5,3,3,3
"84",1,NA,2,3,4,5,6,7,8,3,3,8,1,1,5,1,3,2,2,1,5,5,3,3,3
"85",1,NA,2,3,4,5,6,7,8,4,3,8,1,1,5,1,3,2,2,1,5,5,3,3,3
"86",1,NA,2,3,4,5,6,7,8,1,3,8,1,1,5,1,3,2,2,1,5,5,3,3,3
"87",1,NA,2,3,4,5,6,7,8,1,3,8,1,1,5,1,3,2,2,1,5,5,3,3,3
"88",1,NA,2,3,4,5,6,7,8,5,3,8,1,1,5,1,3,2,2,1,5,5,3,3,3
"89",1,NA,2,3,4,5,6,7,8,1,3,8,1,1,5,1,3,2,3,1,5,5,3,3,3
"90",1,NA,2,3,4,5,6,7,8,8,3,8,1,1,4,1,3,2,3,1,4,4,3,3,3
"91",1,NA,2,3,4,5,6,7,8,6,3,8,1,1,5,1,3,2,3,1,5,5,3,3,3
"92",1,NA,2,3,4,5,6,7,8,1,3,8,1,1,5,1,3,2,3,1,5,5,3,3,3
"93",1,NA,2,3,4,5,6,7,8,4,3,8,1,1,5,1,3,2,3,1,5,5,3,3,3
"94",1,NA,2,3,4,5,6,7,8,2,3,8,1,1,5,1,3,2,3,1,5,5,3,3,3
"95",1,NA,2,3,4,5,6,7,8,1,3,8,1,1,5,1,3,2,3,1,5,5,3,3,3
"96",1,NA,2,3,4,5,6,7,8,8,3,8,1,1,5,1,3,2,3,1,5,5,3,3,3
"97",1,NA,2,3,4,5,6,7,8,7,3,8,1,1,5,1,3,2,3,1,5,5,3,3,3
"98",1,NA,2,3,4,5,6,7,8,6,3,8,1,1,5,1,3,2,3,1,5,5,3,3,3
"99",1,NA,2,3,4,5,6,7,8,8,3,8,1,1,5,1,3,2,3,1,5,5,3,3,3
"100",1,NA,2,3,4,5,6,7,8,7,3,8,1,1,5,1,3,2,3,1,5,5,3,3,3
"101",1,NA,2,3,4,5,6,7,8,7,3,8,1,1,5,1,3,2,3,1,5,5,3,3,3
"102",1,NA,2,3,4,5,6,7,8,8,3,8,1,1,5,1,3,2,3,1,5,5,3,3,3
"103",1,NA,2,3,4,5,6,7,8,6,3,8,1,1,5,1,3,2,3,1,5,5,3,3,3
"104",1,NA,2,3,4,5,6,7,8,3,3,8,1,1,5,1,3,2,3,1,5,5,3,3,3
"105",1,NA,2,3,4,5,6,7,8,5,3,8,1,1,5,1,3,2,3,1,5,5,3,3,3
"106",1,NA,2,3,4,5,6,7,8,3,3,8,1,1,5,1,3,2,3,1,5,5,3,3,3
"107",1,NA,2,3,4,5,6,7,8,8,3,8,1,1,5,1,3,2,3,1,5,5,3,3,3
"108",1,NA,2,3,4,5,6,7,8,7,3,8,1,1,5,1,3,2,3,1,5,5,3,3,3
"109",1,NA,2,3,4,5,6,7,8,1,3,8,1,1,5,1,3,2,3,1,5,5,3,3,3
"110",1,NA,2,3,4,5,6,7,8,6,3,8,1,1,5,1,3,2,3,1,5,5,3,3,3
"111",1,NA,2,3,4,5,6,7,8,1,3,8,1,1,5,1,3,2,3,1,5,5,3,3,3
"112",1,NA,2,3,4,5,6,7,8,8,3,8,1,1,5,1,3,2,3,1,5,5,3,3,3
"113",1,NA,2,3,4,5,6,7,8,3,3,8,1,1,5,1,3,2,3,1,5,5,3,3,3
"114",1,NA,2,3,4,5,6,7,8,6,3,8,1,1,5,1,3,2,3,1,5,5,3,3,3
"115",1,NA,2,3,4,5,6,7,8,5,3,8,1,1,5,1,3,2,3,1,5,5,3,3,3
"116",1,NA,2,3,4,5,6,7,8,3,3,8,1,1,5,1,3,2,3,1,5,5,3,3,3
"117",1,NA,2,3,4,5,6,7,8,7,3,8,1,1,5,1,3,2,3,1,5,5,3,3,3
"118",1,NA,2,3,4,5,6,7,8,5,3,8,1,1,5,1,3,2,3,1,5,5,3,3,3
"119",1,NA,2,3,4,5,6,7,8,5,3,8,1,1,5,1,3,2,3,1,5,5,3,3,3
"120",1,NA,2,3,4,5,6,7,8,5,3,8,1,1,5,1,3,2,3,1,5,5,3,3,3
"121",1,NA,2,3,4,5,6,7,8,4,3,8,1,1,5,1,3,2,3,1,5,5,3,3,3
"122",1,NA,2,3,4,5,6,7,8,4,3,8,1,1,5,1,3,2,3,1,5,5,3,3,3
"123",1,NA,2,3,4,5,6,7,8,5,3,8,1,1,5,1,3,2,3,1,5,5,3,3,3
"124",1,NA,2,3,4,5,6,7,8,1,3,8,1,1,5,1,5,2,3,1,5,5,5,5,5
"125",1,NA,2,3,4,5,6,7,8,3,3,8,1,1,5,1,5,2,3,1,5,5,5,5,5
"126",1,NA,2,3,4,5,6,7,8,4,3,8,1,1,5,1,5,2,3,1,5,5,5,5,5
"127",1,NA,2,3,4,5,6,7,8,6,3,8,1,1,5,1,5,2,3,1,5,5,5,5,5
"128",1,NA,2,3,4,5,6,7,8,2,3,8,1,1,5,1,5,2,3,1,5,5,5,5,5
"129",1,NA,2,3,4,5,6,7,8,6,3,8,1,1,5,1,5,2,3,1,5,5,5,5,5
"130",1,NA,2,3,4,5,6,7,8,1,3,8,1,1,5,1,5,2,3,1,5,5,5,5,5
"131",1,NA,2,3,4,5,6,7,8,7,3,8,1,1,5,1,5,2,3,1,5,5,5,5,5
"132",1,NA,2,3,4,5,6,7,8,4,3,8,1,1,5,1,5,2,3,1,5,5,5,5,7
"133",1,NA,2,3,4,5,6,7,8,7,3,8,1,1,5,1,5,2,3,1,5,5,5,5,5
"134",1,NA,2,3,4,5,6,7,8,7,3,8,1,1,5,1,5,2,3,1,5,5,5,5,5
"135",1,NA,2,3,4,5,6,7,8,3,3,8,1,1,5,1,5,2,3,1,5,5,5,5,5
"136",1,NA,2,3,4,5,6,7,8,1,3,8,1,1,5,8,5,2,3,1,5,5,5,5,5
"137",1,NA,2,3,4,5,6,7,8,6,3,8,1,1,5,1,5,2,3,1,5,5,5,5,5
"138",1,NA,2,3,4,5,6,7,8,6,3,8,1,1,5,1,5,2,3,1,5,5,5,5,5
"139",1,NA,2,3,4,5,6,7,8,1,3,8,1,1,5,1,5,2,3,1,5,5,5,5,5
"140",1,NA,2,3,4,5,6,7,8,2,3,8,1,1,5,1,5,2,3,1,5,5,5,5,5
"141",1,NA,2,3,4,5,6,7,8,6,3,8,1,1,5,1,5,2,3,1,5,5,5,5,5
"142",1,NA,2,3,4,5,6,7,8,5,3,3,1,1,5,1,5,2,3,1,5,5,5,5,5
"143",1,NA,2,3,4,5,6,7,8,2,3,3,1,1,5,1,5,2,3,1,5,5,5,5,5
"144",1,NA,2,3,4,5,6,7,8,8,3,3,1,1,5,1,5,2,3,1,5,5,5,5,5
"145",1,NA,2,3,4,5,6,7,8,2,3,3,1,1,5,1,5,2,3,1,5,5,5,5,5
"146",1,NA,2,3,4,5,6,7,8,6,3,3,1,1,5,1,5,2,3,1,5,5,5,5,5
"147",1,NA,2,3,4,5,6,7,8,4,3,3,1,1,5,1,5,2,3,1,5,5,5,5,5
"148",1,NA,2,3,4,5,6,7,8,5,3,3,1,1,5,1,5,2,3,1,5,5,5,5,5
"149",1,NA,2,3,4,5,6,7,8,8,3,3,1,1,5,1,5,2,3,1,5,5,7,7,7
"150",1,NA,2,3,4,5,6,7,8,1,3,3,1,1,5,1,5,2,3,1,5,5,5,5,5
"151",1,NA,2,3,4,5,6,7,8,6,3,3,1,1,5,1,5,2,3,1,5,5,5,5,5
"152",1,NA,2,3,4,5,6,7,8,5,3,3,1,1,5,1,5,2,3,1,5,5,5,5,5
"153",1,NA,2,3,4,5,6,7,8,7,7,3,1,1,5,1,5,2,7,1,5,5,5,5,5
"154",1,NA,2,3,4,5,6,7,8,5,3,3,1,1,5,1,5,2,3,1,5,5,5,5,5
"155",1,NA,2,3,4,5,6,7,8,2,3,3,1,1,5,1,5,2,3,1,5,5,5,5,5
"156",1,NA,2,3,4,5,6,7,8,2,3,3,1,1,5,1,5,2,3,1,5,5,5,5,5
"157",1,NA,2,3,4,5,6,7,8,5,3,3,1,1,5,1,5,2,3,1,5,5,5,5,5
"158",1,NA,2,3,4,5,6,7,8,8,7,3,1,1,5,1,5,2,7,1,5,5,5,5,5
"159",1,NA,2,3,4,5,6,7,8,8,3,3,1,1,5,1,5,2,3,1,5,5,5,5,5
"160",1,NA,2,3,4,5,6,7,8,8,3,3,1,1,5,1,5,2,3,1,5,5,5,5,5
"161",1,NA,2,3,4,5,6,7,8,1,3,3,1,1,5,1,5,2,3,1,5,5,5,5,5
"162",1,NA,2,3,4,5,6,7,8,3,3,3,1,1,5,1,5,2,3,1,5,5,5,5,5
"163",1,NA,2,3,4,5,6,7,8,2,3,3,1,1,1,1,1,2,3,1,1,1,1,1,1
"164",1,NA,2,3,4,5,6,7,8,7,3,3,1,1,1,1,1,2,3,1,1,1,1,1,1
"165",1,NA,2,3,4,5,6,7,8,6,3,3,1,1,1,1,1,2,3,1,1,1,1,1,1
"166",1,NA,2,3,4,5,6,7,8,5,3,3,1,1,1,1,1,2,3,1,1,1,1,1,1
"167",1,NA,2,3,4,5,6,7,8,5,3,3,1,1,1,1,1,2,3,1,1,1,1,1,1
"168",1,NA,2,3,4,5,6,7,8,3,3,3,1,1,1,1,1,2,3,1,1,1,1,1,1
"169",1,NA,2,3,4,5,6,7,8,5,3,3,1,1,1,1,1,2,3,1,1,1,1,1,1
"170",1,NA,2,3,4,5,6,7,8,3,3,3,1,1,1,1,1,2,3,1,1,1,1,1,1
"171",1,NA,2,3,4,5,6,7,8,2,3,3,1,1,1,1,1,2,3,1,1,1,1,1,1
"172",1,NA,2,3,4,5,6,7,8,7,3,3,1,1,1,1,1,2,3,1,1,1,1,1,1
"173",1,NA,2,3,4,5,6,7,8,7,3,3,1,1,1,1,1,2,3,1,1,1,1,1,1
"174",1,NA,2,3,4,5,6,7,8,2,3,3,1,1,1,1,1,2,3,1,1,1,1,1,1
"175",1,NA,2,3,4,5,6,7,8,7,3,3,1,1,1,1,1,2,3,1,1,1,1,1,1
"176",1,NA,2,3,4,5,6,7,8,5,3,3,1,1,1,1,1,2,3,1,1,1,1,1,1
"177",1,NA,2,3,4,5,6,7,8,6,3,3,1,1,1,1,1,2,3,1,1,1,1,1,1
"178",1,NA,2,3,4,5,6,7,8,4,3,3,1,1,1,1,1,2,3,1,1,1,1,1,1
"179",1,NA,2,3,4,5,6,7,8,1,3,3,1,1,1,1,1,2,3,1,1,1,1,1,1
"180",1,NA,2,3,4,5,6,7,8,8,3,3,1,1,1,1,1,2,3,1,1,1,1,1,1
"181",1,NA,2,3,4,5,6,7,8,6,3,3,1,1,1,1,1,2,3,1,1,1,1,1,1
"182",1,NA,2,3,4,5,6,7,8,7,3,3,1,1,1,1,1,2,3,1,1,1,1,1,1
"183",1,NA,2,3,4,5,6,7,8,5,3,3,1,1,1,1,1,2,3,1,1,1,1,1,1
"184",1,NA,2,3,4,5,6,7,8,1,3,3,1,1,1,1,1,5,3,1,1,1,1,1,1
"185",1,NA,2,3,4,5,6,7,8,6,3,3,1,1,1,1,1,2,3,1,1,1,1,1,1
"186",1,NA,2,3,4,5,6,7,8,6,3,3,1,1,1,1,1,2,3,1,1,1,1,1,1
"187",1,NA,2,3,4,5,6,7,8,3,3,3,1,1,1,1,1,2,3,1,1,1,1,1,1
"188",1,NA,2,3,4,5,6,7,8,6,3,3,1,1,1,1,1,2,3,1,1,1,1,1,1
"189",1,NA,2,3,4,5,6,7,8,3,3,3,1,1,1,1,1,2,3,1,1,1,1,1,1
"190",1,NA,2,3,4,5,6,7,8,3,3,3,1,1,1,1,1,2,3,1,1,1,1,1,1
"191",1,NA,2,3,4,5,6,7,8,3,3,3,1,1,1,1,1,2,3,1,1,1,1,1,1
"192",1,NA,2,3,4,5,6,7,8,7,3,3,1,1,1,1,1,2,3,1,1,1,1,1,1
"193",1,NA,2,3,4,5,6,7,8,8,3,3,1,1,1,1,1,2,3,1,1,1,1,1,1
"194",1,NA,2,3,4,5,6,7,8,2,3,3,1,1,1,1,1,2,3,1,1,1,1,1,1
"195",1,NA,2,3,4,5,6,7,8,7,3,3,1,1,1,1,1,2,3,1,1,1,1,1,1
"196",1,NA,2,3,4,5,6,7,8,5,3,3,1,1,1,1,1,2,3,1,1,1,1,1,1
"197",1,NA,2,3,4,5,6,7,8,1,3,3,1,1,1,1,1,2,3,1,1,1,1,1,1
"198",1,NA,2,3,4,5,6,7,8,6,3,3,1,1,1,1,1,2,3,1,1,1,1,1,1
"199",1,NA,2,3,4,5,6,7,8,8,3,3,1,1,1,1,1,2,3,1,1,1,1,1,1
"200",1,NA,2,3,4,5,6,7,8,4,3,3,1,1,1,1,1,2,3,1,1,1,1,1,1
"201",1,NA,2,3,4,5,6,7,8,5,3,3,1,1,1,1,1,2,3,1,1,1,1,1,1
"202",1,NA,2,3,4,5,6,7,8,7,3,3,1,1,1,1,1,2,3,1,1,1,1,1,1
"203",1,NA,2,3,4,5,6,7,8,8,3,3,1,1,1,1,1,2,3,1,1,1,1,1,1
"204",1,NA,2,3,4,5,6,7,8,7,3,3,1,1,1,1,1,2,3,1,1,1,1,1,1
"205",1,NA,2,3,4,5,6,7,8,3,3,3,1,4,4,4,4,2,3,1,1,1,4,4,4
"206",1,NA,2,3,4,5,6,7,8,3,3,3,1,1,1,1,1,2,3,1,1,1,1,1,1
"207",1,NA,2,3,4,5,6,7,8,3,3,3,1,1,1,1,1,2,3,1,1,1,1,1,1
"208",1,NA,2,3,4,5,6,7,8,7,3,3,1,1,1,1,1,2,3,1,1,1,1,1,1
"209",1,NA,2,3,4,5,6,7,8,7,3,3,1,1,1,1,1,2,3,1,1,1,1,1,1
"210",1,NA,2,3,4,5,6,7,8,8,3,3,1,1,1,1,1,2,3,1,1,1,1,1,1
"211",1,NA,2,3,4,5,6,7,8,2,3,3,1,1,1,1,1,2,3,1,1,1,1,1,1
"212",1,NA,2,3,4,5,6,7,8,6,3,3,1,1,1,1,1,2,3,1,1,1,1,1,1
"213",1,NA,2,3,4,5,6,7,8,3,3,3,1,1,1,1,1,1,3,1,1,1,1,1,1
"214",1,NA,2,3,4,5,6,7,8,8,3,3,1,1,1,1,1,2,3,1,1,1,1,1,1
"215",1,NA,2,3,4,5,6,7,8,4,3,3,1,1,1,1,1,2,3,1,1,1,1,1,1
"216",1,NA,2,3,4,5,6,7,8,5,3,3,1,1,1,1,1,2,3,1,1,1,1,1,1
"217",1,NA,2,3,4,5,6,7,8,5,3,3,1,1,1,1,1,2,3,1,1,1,1,1,1
"218",1,NA,2,3,4,5,6,7,8,6,3,3,1,1,1,1,1,2,3,1,1,1,1,1,1
"219",1,NA,2,3,4,5,6,7,8,2,3,3,1,1,1,1,1,2,3,1,1,1,1,1,1
"220",1,NA,2,3,4,5,6,7,8,7,3,3,1,1,1,1,1,2,3,1,1,1,1,1,1
"221",1,NA,2,3,4,5,6,7,8,7,3,3,1,1,1,1,1,2,3,1,1,1,1,1,1
"222",1,NA,2,3,4,5,6,7,8,3,3,3,1,1,1,1,1,2,3,1,1,1,1,1,1
"223",1,NA,2,3,4,5,6,7,8,7,3,3,1,1,1,1,1,2,3,1,1,1,1,1,1
"224",1,NA,2,3,4,5,6,7,8,1,3,3,1,1,1,1,1,2,3,1,1,1,1,1,1
"225",1,NA,2,3,4,5,6,7,8,1,3,3,1,1,1,1,1,2,3,1,1,1,1,1,1
"226",1,NA,2,3,4,5,6,7,8,3,3,3,1,1,1,1,1,2,3,1,1,1,1,1,1
"227",1,NA,2,3,4,5,6,7,8,6,3,5,1,1,1,1,1,2,3,1,1,1,1,1,1
"228",1,NA,2,3,4,5,6,7,8,5,3,3,1,1,1,1,1,2,3,1,1,1,1,1,1
"229",1,NA,2,3,4,5,6,7,8,6,3,3,1,1,1,1,1,2,3,1,1,1,1,1,1
"230",1,NA,2,3,4,5,6,7,8,1,3,3,1,1,1,1,1,2,3,1,1,1,1,1,1
"231",1,NA,2,3,4,5,6,7,8,6,3,3,1,1,1,1,1,2,3,1,1,1,1,1,1
"232",1,NA,2,3,4,5,6,7,8,5,3,3,1,1,1,1,1,2,3,1,1,1,1,1,1
"233",1,NA,2,3,4,5,6,7,8,6,1,3,1,1,1,1,1,2,1,1,1,1,1,1,1
"234",1,NA,2,3,4,5,6,7,8,4,3,3,1,1,1,1,1,2,3,1,1,1,1,1,1
"235",1,NA,2,3,4,5,6,7,8,5,3,3,1,1,1,1,1,2,3,1,1,1,1,1,1
"236",1,NA,2,3,4,5,6,7,8,2,3,3,1,1,1,1,1,2,3,1,1,1,1,1,1
"237",1,NA,2,3,4,5,6,7,8,5,3,3,1,1,1,1,1,2,3,1,1,1,1,1,1
"238",1,NA,2,3,4,5,6,7,8,2,3,3,1,1,1,1,1,2,3,1,1,1,1,1,1
"239",1,NA,2,3,4,5,6,7,8,5,3,3,1,1,1,1,1,2,3,1,1,1,1,1,1
"240",1,NA,2,3,4,5,6,7,8,4,3,3,1,1,1,1,1,2,3,1,1,1,1,1,1
"241",1,NA,2,3,4,5,6,7,8,7,3,3,1,1,1,1,1,2,3,1,1,1,1,1,1
"242",1,NA,2,3,4,5,6,7,8,5,3,3,1,1,1,1,1,2,3,1,1,1,1,1,1
"243",1,NA,2,3,4,5,6,7,8,1,3,3,1,1,1,1,1,2,3,1,1,1,1,1,1
"244",1,NA,2,3,4,5,6,7,8,2,3,3,1,1,1,1,1,2,3,1,1,1,1,1,1
"245",1,NA,2,3,4,5,6,7,8,7,3,3,1,1,1,1,1,2,3,1,1,1,1,1,1
"246",1,NA,2,3,4,5,6,7,8,2,3,3,1,1,1,1,1,2,3,1,1,1,1,1,1
"247",1,NA,2,3,4,5,6,7,8,4,3,3,1,1,1,1,1,2,3,1,1,1,1,1,1
"248",1,NA,2,3,4,5,6,7,8,5,3,3,1,1,1,1,1,2,3,1,1,1,1,1,1
"249",1,NA,2,3,4,5,6,7,8,7,3,3,1,1,1,1,7,2,3,1,1,1,1,1,1
"250",1,NA,2,3,4,5,6,7,8,4,3,3,1,1,1,1,1,2,3,1,1,1,1,1,1
"251",1,NA,2,3,4,5,6,7,8,2,3,3,1,1,1,1,1,2,3,1,1,1,1,1,1
"252",1,NA,2,3,4,5,6,7,8,8,3,3,1,1,1,1,1,2,3,1,1,1,1,1,1
"253",1,NA,2,3,4,5,6,7,8,1,3,3,1,1,1,1,1,2,3,1,1,1,1,1,1
"254",1,NA,2,3,4,5,6,7,8,7,3,3,1,1,1,1,1,2,3,1,1,1,1,1,1
"255",1,NA,2,3,4,5,6,7,8,7,3,3,1,1,1,1,1,2,3,1,1,1,1,1,1
"256",1,NA,2,3,4,5,6,7,8,6,3,3,1,1,1,1,1,2,3,1,2,2,1,1,1
"257",1,NA,2,3,4,5,6,7,8,5,3,3,1,1,1,1,1,2,3,1,1,1,1,1,1
"258",1,NA,2,3,4,5,6,7,8,2,3,3,8,1,1,1,1,2,3,1,1,1,1,1,1
"259",1,NA,2,3,4,5,6,7,8,3,3,3,1,1,1,1,1,2,3,1,1,1,1,1,1
"260",1,NA,2,3,4,5,6,7,8,4,3,3,1,1,1,1,1,2,3,1,1,1,1,1,1
"261",1,NA,2,3,4,5,6,7,8,1,3,3,1,1,1,1,1,2,3,1,1,1,1,1,1
"262",1,NA,2,3,4,5,6,7,8,6,3,3,1,1,1,1,1,2,3,1,1,1,1,1,1
"263",1,NA,2,3,4,5,6,7,8,1,3,3,1,1,1,1,1,2,3,1,1,1,1,1,1
"264",1,NA,2,3,4,5,6,7,8,5,3,3,1,1,1,1,1,2,3,1,1,1,1,1,1
"265",1,NA,2,3,4,5,6,7,8,1,3,3,1,1,1,1,1,2,3,1,1,1,1,1,1
"266",1,NA,2,3,4,5,6,7,8,5,3,3,1,1,1,1,1,2,3,1,1,1,1,1,1
"267",1,NA,2,3,4,5,6,7,8,4,3,3,1,1,1,1,1,2,3,1,1,1,1,1,1
"268",1,NA,2,3,4,5,6,7,8,8,3,3,1,1,1,1,1,2,3,1,1,1,1,1,1
"269",1,NA,2,3,4,5,6,7,8,1,3,3,1,1,1,1,1,2,3,1,1,1,1,1,1
"270",1,NA,2,3,4,5,6,7,8,7,3,3,1,1,1,1,1,2,3,1,1,1,1,1,1
"271",1,NA,2,3,4,5,6,7,8,8,3,3,1,1,1,1,1,2,3,1,1,1,1,1,1
"272",1,NA,2,3,4,5,6,7,8,8,3,3,1,1,1,1,1,2,3,1,1,1,1,1,1
"273",1,NA,2,3,4,5,6,7,8,5,3,3,1,1,1,1,1,2,3,1,1,1,1,1,1
"274",1,NA,2,3,4,5,6,7,8,2,3,3,1,1,1,1,1,2,3,1,1,1,1,1,1
"275",1,NA,2,3,4,5,6,7,8,3,3,3,1,1,1,1,1,2,3,1,1,1,1,1,1
"276",1,NA,2,3,4,5,6,7,8,5,3,3,1,1,1,1,1,2,3,1,1,1,1,1,1
"277",1,NA,2,3,4,5,6,7,8,5,3,3,1,1,1,1,1,2,3,1,1,1,1,1,1
"278",1,NA,2,3,4,5,6,7,8,2,3,3,1,1,1,1,1,2,3,1,1,1,1,1,1
"279",1,NA,2,3,4,5,6,7,8,3,3,3,1,1,1,1,1,2,3,1,1,1,1,1,1
"280",1,NA,2,3,4,5,6,7,8,5,3,3,1,1,1,1,1,2,3,1,1,1,1,1,1
"281",1,NA,2,3,4,5,6,7,8,2,3,3,1,1,1,1,1,2,3,1,1,1,1,1,1
"282",1,NA,2,3,4,5,6,7,8,5,3,3,1,1,1,1,1,2,3,1,1,1,1,1,1
"283",1,NA,2,3,4,5,6,7,8,3,3,3,1,1,1,1,1,2,3,1,1,1,1,1,1
"284",1,NA,2,3,4,5,6,7,8,5,3,3,1,1,1,1,1,2,3,1,1,1,1,1,1
"285",1,NA,2,3,4,5,6,7,8,6,3,3,1,1,1,1,1,2,3,1,1,1,1,1,1
"286",1,NA,2,3,4,5,6,7,8,5,3,3,1,1,1,1,1,2,3,1,1,1,1,1,1
"287",1,NA,2,3,4,5,6,7,8,5,3,3,1,1,1,1,1,2,3,1,1,1,1,1,1
"288",1,NA,2,3,4,5,6,7,8,1,3,3,1,1,1,1,1,2,3,1,1,1,1,1,1
"289",1,NA,2,3,4,5,6,7,8,5,3,3,1,1,1,1,1,2,3,1,1,1,1,1,1
"290",1,NA,2,3,4,5,6,7,8,4,3,3,1,1,1,1,1,2,3,1,1,1,1,1,1
"291",1,NA,2,3,4,5,6,7,8,7,3,3,1,1,1,1,1,2,3,1,1,1,1,1,1
"292",1,NA,2,3,4,5,6,7,8,5,3,3,1,1,1,1,1,2,3,1,1,1,1,1,1
"293",1,NA,2,3,4,5,6,7,8,7,3,3,1,1,1,1,1,2,3,1,1,1,1,1,1
"294",1,NA,2,3,4,5,6,7,8,3,3,3,1,1,1,1,1,2,3,1,1,1,1,1,1
"295",1,NA,2,3,4,5,6,7,8,7,3,3,1,1,1,1,1,2,3,1,1,1,1,1,1
"296",1,NA,2,3,4,5,6,7,8,8,3,3,1,1,1,1,1,2,3,1,1,1,1,1,1
"297",1,NA,2,3,4,5,6,7,8,7,3,3,1,1,1,1,1,2,3,1,1,1,1,1,1
"298",1,NA,2,3,4,5,6,7,8,1,3,3,1,1,1,1,1,2,3,1,1,1,1,1,1
"299",1,NA,2,3,4,5,6,7,8,1,3,3,1,1,1,1,1,2,3,1,1,1,1,1,1
"300",1,NA,2,3,4,5,6,7,8,2,3,3,1,1,1,1,1,2,3,1,1,1,1,1,1
"301",1,NA,2,3,4,5,6,7,8,7,3,3,1,1,1,1,1,2,3,1,1,1,1,1,1
"302",1,NA,2,3,4,5,6,7,8,1,3,3,1,1,1,1,1,2,3,1,1,1,1,1,1
